station,latitude,longitude,elevation
AB01,52.21,-174.20,25.48
AB02,52.97,-168.85,192.80
AB04,63.66,-170.57,136.55
AB06,54.89,-163.42,500.43
AB07,55.35,-160.48,89.57
AB08,60.38,-166.20,26.51
AB09,65.61,-168.06,162.07
AB11,64.56,-165.37,349.43
AB12,58.95,-161.75,587.09
AB13,56.31,-158.50,487.82
AB14,59.11,-159.09,657.64
AB15,61.04,-159.88,560.33
AB17,63.89,-160.69,117.43
AB18,66.86,-162.61,37.11
AB21,51.86,-176.66,59.41
AB22,59.90,-154.70,199.84
AB25,62.93,-156.02,961.05
AB27,67.06,-156.90,508.10
AB28,62.09,-152.81,1582.74
AB33,67.25,-150.17,334.77
AB35,60.08,-142.39,536.87
AB36,65.03,-150.74,816.54
AB37,62.97,-145.45,1136.65
AB39,66.56,-145.21,147.67
AB41,64.78,-141.16,285.95
AB42,59.34,-138.90,773.55
AB43,58.20,-136.64,27.18
AB44,59.53,-135.23,304.39
AB45,68.76,-148.87,507.02
AB46,68.12,-145.57,647.88
AB48,56.25,-134.65,5.33
AB49,55.58,-133.07,17.54
AB50,58.42,-134.55,51.78
AB51,56.80,-132.91,76.01
AB53,56.58,-132.87,1016.29
ABBZ,-77.46,166.91,1734.27
ABVI,18.73,-64.33,-35.59
AC02,56.95,-154.18,126.88
AC03,59.77,-151.86,19.73
AC06,59.76,-150.89,631.53
AC07,65.96,-161.29,176.31
AC08,58.93,-153.64,644.25
AC09,59.87,-144.52,368.92
AC10,54.52,-164.89,170.50
AC11,61.81,-148.33,790.94
AC12,54.83,-159.59,84.39
AC13,55.82,-155.62,222.70
AC14,60.85,-148.00,748.74
AC15,60.48,-149.72,151.54
AC16,60.52,-148.09,34.06
AC17,60.66,-152.40,882.69
AC18,58.93,-152.25,214.80
AC19,62.52,-153.61,546.53
AC20,60.93,-149.35,43.77
AC21,55.92,-159.13,170.94
AC23,60.48,-150.88,80.88
AC24,58.68,-156.65,36.36
AC25,55.09,-162.31,584.28
AC26,58.21,-154.15,190.18
AC27,59.25,-154.16,417.52
AC28,55.08,-160.05,365.10
AC29,59.43,-146.34,56.59
AC31,64.64,-162.24,228.33
AC32,61.47,-150.74,1347.77
AC33,62.67,-150.69,1521.16
AC34,57.22,-153.28,103.27
AC35,59.38,-150.79,408.57
AC36,60.96,-150.61,46.52
AC37,60.44,-153.87,1626.61
AC38,57.75,-153.34,43.89
AC39,58.61,-152.39,157.25
AC40,56.93,-158.62,39.91
AC41,55.91,-160.41,407.75
AC42,54.47,-162.78,257.91
AC43,59.52,-149.63,69.57
AC44,61.24,-149.57,832.18
AC45,56.56,-154.18,451.04
AC46,61.99,-151.52,619.79
AC47,60.08,-152.62,922.36
AC48,60.65,-147.34,379.52
AC50,65.55,-164.57,516.84
AC51,61.50,-151.84,957.46
AC52,57.57,-157.57,51.83
AC53,61.77,-150.07,57.49
AC57,61.14,-145.74,826.48
AC58,57.16,-170.22,19.38
AC59,59.57,-153.59,308.63
AC60,52.71,174.08,18.31
AC61,64.03,-142.08,745.40
AC62,63.08,-146.31,1347.16
AC63,63.50,-145.85,815.14
AC64,62.71,-144.30,774.57
AC65,62.83,-143.70,735.89
AC66,51.38,179.30,106.79
AC67,57.79,-152.43,347.33
AC70,63.30,-148.19,810.89
AC71,64.05,-145.71,364.01
AC72,63.70,-145.89,558.86
AC74,63.46,-148.81,668.61
AC75,63.00,-149.61,608.66
AC76,63.04,-143.26,1585.32
AC77,62.69,-145.43,746.90
AC78,63.11,-142.03,643.74
AC79,60.00,-147.40,287.76
AC80,62.39,-151.77,1114.51
ACHO,7.41,-80.17,35.60
ACP1,9.37,-79.95,12.83
ACP6,9.24,-79.41,943.54
ACSB,33.27,-117.44,-12.29
ACSO,40.23,-82.98,248.18
ACSX,33.27,-117.44,-12.29
AGMT,34.59,-116.43,1337.85
AGPR,18.47,-67.11,73.00
AHID,42.77,-111.06,1975.55
AIRS,16.74,-62.21,84.42
ALAM,37.36,-115.16,1090.01
ALPA,11.53,-72.92,1.81
ALUT,40.58,-111.62,2824.02
AMU2,-90.00,-110.75,2823.00
ANA1,34.02,-119.36,22.44
AOPR,18.35,-66.75,319.58
APEC,0.33,-78.55,1722.00
AR27,33.34,-117.32,32.32
AR53,33.38,-117.48,111.05
ARML,35.92,-89.80,50.05
ARVL,-77.83,166.66,131.90
ASKY,75.73,-58.26,687.46
AT01,63.48,-162.01,21.61
ATQK,70.47,-157.41,28.01
ATW2,61.60,-149.13,97.13
AV01,59.36,-153.46,487.27
AV02,59.33,-153.43,229.87
AV04,59.36,-153.44,915.95
AV06,54.15,-165.77,463.14
AV07,54.16,-166.04,521.13
AV08,54.14,-166.03,598.46
AV09,53.88,-166.54,105.72
AV10,54.10,-165.93,329.59
AV11,59.37,-153.35,114.97
AV12,54.21,-165.90,404.77
AV13,54.15,-165.90,494.85
AV14,54.12,-165.84,396.40
AV15,54.10,-165.71,457.47
AV16,59.39,-153.54,25.43
AV17,59.40,-153.45,29.45
AV18,59.38,-153.44,367.18
AV19,59.35,-153.41,647.44
AV20,59.35,-153.43,542.24
AV24,54.59,-164.75,481.80
AV25,54.53,-164.78,652.03
AV26,54.57,-164.58,577.70
AV27,54.49,-164.72,978.01
AV29,54.47,-164.59,971.97
AV34,54.72,-163.71,636.43
AV35,54.85,-164.39,647.01
AV36,54.77,-164.13,648.44
AV37,54.71,-164.00,796.07
AV38,54.83,-163.78,492.34
AV39,54.81,-164.00,797.41
AV40,54.64,-163.74,413.97
AVN2,36.53,-96.08,261.00
AVRY,34.47,-117.15,888.92
AZU1,34.13,-117.90,144.75
B001,48.04,-123.13,237.00
B003,48.06,-124.14,284.66
B004,48.20,-124.43,30.00
B005,48.06,-123.50,302.70
B006,48.06,-123.50,302.00
B007,48.06,-123.50,293.00
B009,48.65,-123.45,15.00
B010,48.65,-123.45,5.00
B011,48.65,-123.45,22.00
B012,48.92,-125.54,13.00
B013,47.81,-122.91,75.30
B014,47.51,-123.81,64.70
B017,47.00,-123.56,33.90
B018,46.98,-123.02,10.00
B019,46.65,-123.65,9.00
B020,46.38,-123.84,31.20
B022,45.95,-123.93,10.00
B023,46.11,-123.08,177.40
B024,45.64,-123.86,37.70
B026,45.31,-123.82,232.00
B027,44.50,-122.96,216.00
B028,44.49,-122.96,140.00
B030,43.97,-122.77,263.60
B031,43.66,-123.40,71.00
B032,43.67,-123.39,63.80
B033,43.29,-123.12,312.10
B035,42.50,-123.38,370.00
B036,42.51,-123.38,315.30
B039,41.47,-122.48,923.90
B040,41.83,-122.42,819.50
B045,40.44,-124.00,29.40
B046,40.32,-124.28,44.00
B047,40.25,-124.17,80.00
B049,40.24,-123.82,117.00
B054,37.86,-122.20,405.60
B057,38.03,-122.57,14.40
B058,36.80,-121.58,114.20
B065,36.74,-121.47,643.00
B066,36.86,-121.59,67.00
B067,36.77,-121.57,126.20
B072,35.83,-120.35,397.70
B073,35.95,-120.47,535.28
B075,35.93,-120.52,583.00
B076,35.94,-120.42,445.00
B078,35.84,-120.35,386.80
B079,35.72,-120.21,436.60
B081,33.71,-116.71,1467.00
B082,33.60,-116.60,1374.84
B084,33.61,-116.46,1271.00
B086,33.56,-116.53,1392.00
B087,33.50,-116.60,1139.00
B088,33.37,-116.62,1403.87
B089,33.60,-116.60,1362.00
B093,33.59,-116.76,1244.00
B201,46.30,-122.26,990.00
B202,46.24,-122.14,1218.60
B203,46.17,-122.33,814.40
B204,46.14,-122.17,784.20
B206,44.72,-110.51,2399.50
B207,44.62,-110.85,2182.00
B208,44.56,-110.40,2405.80
B900,35.69,-120.00,219.50
B901,35.69,-120.14,275.30
B916,36.19,-117.67,1859.90
B917,35.41,-117.26,1192.00
B918,35.94,-117.60,1042.60
B921,35.59,-117.46,694.50
B926,48.82,-124.13,191.60
B927,49.22,-124.81,39.00
B928,48.83,-125.13,9.50
B932,40.28,-124.22,52.00
B933,40.06,-123.97,268.10
B934,39.84,-123.69,331.00
B935,40.48,-123.57,696.70
B941,46.99,-122.22,151.00
B943,47.81,-122.91,84.20
B944,44.39,-110.54,2364.60
B945,44.89,-110.74,2241.40
B946,33.54,-116.59,1429.00
B948,35.83,-120.34,428.00
B950,44.71,-110.68,2328.40
BACK,-74.43,-102.48,37.70
BAKU,40.37,49.81,94.00
BAMO,40.41,-117.20,1792.48
BAR1,33.48,-119.03,14.81
BARA,18.21,-71.10,6.76
BARO,71.33,-156.67,11.50
BATG,-79.01,170.72,31.09
BBDM,34.58,-119.98,204.88
BBID,44.19,-111.53,1789.92
BBRY,34.26,-116.88,2051.08
BCYI,44.32,-113.41,2173.41
BEAN,-75.96,-69.30,892.40
BEMT,34.00,-116.00,1373.65
BENN,-84.79,-116.46,1417.00
BEPK,35.88,-118.07,2471.11
BERP,-74.55,-111.88,312.00
BGGY,17.05,-61.86,356.30
BIJA,9.75,-84.58,555.67
BILL,33.58,-117.06,470.05
BIS0,4.89,-75.34,5088.39
BKAP,35.29,-116.08,252.05
BKMS,33.96,-118.09,11.00
BLA1,37.21,-80.42,605.70
BLAS,79.54,-22.97,484.08
BLDF,-77.72,162.26,100.00
BLW2,42.77,-109.56,2215.59
BLYN,48.02,-122.93,613.25
BMCL,28.66,28.66,2241.00
BMHL,34.25,-116.05,722.65
BOAR,-75.04,-100.59,72.80
BOM2,-77.51,167.44,1966.00
BON2,9.76,-85.20,28.37
BOZ1,40.53,28.78,70.00
BRN2,26.52,87.27,79.00
BRSG,32.37,-64.70,-10.00
BSA1,-67.82,-67.29,127.60
BSRY,34.92,-117.01,613.50
BTDM,34.29,-118.19,678.26
BUMS,-85.96,174.50,2648.90
BURI,-79.15,155.89,2007.00
BURN,42.78,-117.84,1180.90
BUY1,40.84,29.12,47.00
BVPP,35.16,-119.35,123.05
BYSP,18.41,-66.16,49.24
BZBN,40.53,28.78,70.00
CABA,10.24,-85.34,26.96
CABL,42.84,-124.56,37.86
CALV,12.57,-86.85,287.43
CAMO,39.34,16.45,1269.00
CAND,35.94,-120.43,568.42
CANZ,8.20,-81.52,372.03
CAPF,-66.01,-60.56,100.30
CAPI,5.35,-72.43,935.50
CARH,35.89,-120.43,480.28
CASE,33.46,-117.40,776.51
CAST,39.19,-110.68,2245.05
CAT2,33.31,-118.33,477.24
CAT3,33.45,-118.48,5.15
CBHS,34.14,-118.63,284.63
CBMD,19.74,-79.76,18.77
CCCC,35.57,-117.67,813.98
CCRI,39.23,16.78,708.88
CDMT,34.83,-116.34,936.59
CDVV,34.25,-106.97,1552.03
CEDA,40.68,-112.86,1472.50
CGDM,34.24,-117.96,704.71
CGSJ,-31.37,-69.42,1461.40
CGUI,12.98,-87.56,746.12
CHIS,15.81,-90.29,242.00
CHLL,40.45,-104.64,1408.87
CHMS,34.64,-117.83,760.33
CHNR,24.19,91.52,-24.36
CHUM,43.00,74.75,716.33
CHWN,27.67,84.39,137.00
CHZZ,45.49,-123.98,50.77
CIRX,34.11,-118.94,488.22
CJTR,34.82,-92.27,126.00
CLBD,33.14,-117.31,20.61
CLGO,64.87,-147.86,196.11
CLOV,40.56,-114.87,2084.94
CLRK,-77.34,-141.87,1000.85
CN00,17.67,-61.79,-21.92
CN01,17.05,-61.77,16.64
CN02,18.20,-63.05,-8.93
CN04,14.02,-60.97,24.44
CN05,18.56,-68.36,-33.23
CN06,18.79,-70.66,2311.75
CN07,19.76,-70.57,-32.25
CN09,19.69,-72.14,-15.01
CN10,17.42,-75.97,-16.31
CN11,17.02,-77.78,-10.67
CN12,18.00,-76.75,169.95
CN13,24.07,-74.53,-34.57
CN14,20.98,-73.68,-34.20
CN15,26.56,-78.69,-27.54
CN16,21.42,-77.85,106.75
CN18,17.41,-83.94,1.46
CN19,12.61,-70.05,-0.33
CN20,9.35,-82.26,13.19
CN21,13.40,-87.43,15.82
CN22,12.38,-87.04,28.82
CN23,17.26,-88.78,55.36
CN24,19.58,-88.05,7.94
CN25,16.23,-92.14,1649.28
CN26,22.38,-89.68,-12.17
CN27,19.67,-69.94,-21.11
CN28,8.63,-79.03,25.91
CN29,14.05,-83.37,30.38
CN30,11.99,-83.77,29.91
CN35,13.38,-81.36,47.90
CN36,8.82,-75.82,15.35
CN37,10.79,-75.26,1.47
CN38,12.22,-71.99,10.50
CN39,10.21,-70.52,542.28
CN40,12.18,-68.96,33.35
CN41,8.94,-68.04,81.28
CN42,11.95,-66.68,-3.65
CN43,11.82,-64.60,2.00
CN44,11.00,-63.91,835.95
CN45,10.84,-60.94,-5.55
CN46,12.49,-61.43,-22.59
CN47,13.71,-60.94,177.16
CN48,15.44,-61.42,279.88
CN49,15.67,-63.62,-31.52
CN51,18.59,-63.43,-35.08
CN53,21.78,-72.25,-15.64
CN55,8.24,-80.54,44.67
CN56,8.55,-78.01,76.72
CNC0,21.17,-86.82,-0.22
CNG2,12.50,-86.70,513.55
CNPP,33.86,-117.61,300.31
CON2,-77.53,167.09,3403.00
COON,40.65,-112.12,1610.02
COPR,34.41,-119.88,-22.83
CORV,44.59,-123.30,105.60
CORX,32.42,-117.25,74.27
COTE,-77.81,162.00,1878.10
COTM,29.39,-95.00,-18.55
CPBN,35.07,-117.57,835.85
CPXX,46.84,-122.26,533.62
CRAR,-77.85,166.67,-19.16
CRBT,35.79,-120.75,205.45
CRDI,-82.86,-53.20,943.30
CRHS,33.82,-118.27,-23.62
CRLR,18.42,-68.94,-5.54
CRRS,33.07,-115.74,-81.88
CRSE,18.77,-69.04,86.61
CRU1,34.03,-119.78,702.20
CSCI,34.17,-119.04,70.86
CSHR,46.87,-121.73,2882.34
CSPS,-31.21,-69.64,2419.10
CSST,34.41,-119.37,162.50
CTDM,34.52,-118.61,406.09
CTMS,34.12,-116.37,966.50
CUC1,7.93,-72.51,321.16
CUPR,18.31,-65.28,-30.39
CVMS,35.54,-89.64,72.95
DAEX,32.22,-115.42,399.32
DANE,74.31,-20.20,177.09
DCPS,24.30,91.78,-14.00
DCUT,40.41,-111.53,1797.28
DDSN,43.12,-123.24,953.10
DEN1,29.51,-95.26,-17.20
DEN2,29.50,-95.25,-18.10
DEN3,29.49,-95.25,-19.50
DEN4,29.50,-95.23,-20.20
DGJG,71.79,-29.85,1494.17
DHL1,33.39,-115.79,-25.00
DIXN,38.47,-121.83,-9.14
DKSG,76.35,-61.68,609.77
DLPA,28.98,82.82,2535.00
DLUZ,33.43,-117.31,212.74
DNTH,-78.08,163.98,912.70
DOMI,15.31,-61.39,-21.22
DSSC,33.73,-116.71,1660.89
DUPT,-64.80,-62.82,40.00
E1G2,-77.53,167.14,3654.35
ECFS,33.65,-117.41,801.41
ECHO,37.92,-114.26,1684.11
ECSD,43.73,-96.61,444.36
EDPP,34.95,-118.83,379.85
EGAN,39.35,-114.94,1998.28
ELEN,16.92,-89.87,118.14
ELKO,40.91,-115.82,2016.90
ELLY,33.58,-118.13,-2.87
ELMA,12.47,-86.67,445.24
ELVI,10.39,-85.45,81.86
EMIG,44.07,-112.93,1946.04
EOUT,41.25,-111.93,1677.85
EPZA,10.14,-85.57,668.63
ESN1,40.60,28.92,2.00
EWPP,34.10,-117.53,330.49
EYAC,60.55,-145.75,146.05
FALL,-85.31,-143.63,262.10
FCDE,25.62,-80.31,1.00
FCHO,25.91,-80.12,1.00
FCI1,25.91,-80.14,2.00
FCI2,25.91,-80.14,1.00
FERN,35.34,-112.45,1767.92
FGST,34.73,-120.01,904.09
FIE0,-76.14,168.42,153.71
FLM5,-77.53,160.27,1869.82
FMVT,34.36,-118.88,617.01
FONP,-65.25,-61.65,65.47
FOOT,39.37,-113.81,1547.40
FORE,40.51,-111.38,1796.68
FOS1,-71.31,-68.32,158.80
FRED,36.99,-112.50,1529.73
FRKI,-76.16,168.38,0.00
FS63,61.47,-149.72,42.28
FS82,61.55,-149.82,64.02
FTP4,-78.93,162.56,243.20
GANJ,40.68,46.36,443.50
GARL,40.42,-119.36,1640.24
GCEA,19.29,-81.38,16.06
GCFS,19.31,-81.18,-10.73
GLDK,-72.23,-100.59,55.70
GLRS,33.27,-115.52,-48.64
GLS1,66.48,-46.31,2150.00
GLS2,69.09,-39.65,2917.00
GLS3,77.43,-51.11,2480.00
GMEZ,-73.89,-68.54,1420.26
GMMA,77.81,-19.65,521.83
GMPK,33.05,-114.83,591.19
GMRC,34.78,-115.66,1298.21
GNPS,34.31,-114.19,232.40
GOBS,45.84,-120.81,621.48
GOSH,40.64,-114.18,1560.21
GOUT,39.91,-111.90,1509.35
GR8R,36.40,-120.42,206.04
GRE1,12.22,-61.64,16.30
GRNX,63.84,-148.98,594.47
GROK,78.44,-22.90,1045.93
GRRG,42.94,-111.42,2198.38
GRS2,34.36,-106.68,1576.00
GRZA,9.92,-85.64,39.77
GTRG,43.24,-113.24,1539.13
GUAT,14.59,-90.52,1519.87
GUAX,28.88,-118.29,40.49
GV01,0.78,-91.11,1043.70
GV02,-0.81,-91.13,946.10
GV03,-0.80,-91.13,926.10
GV04,-0.81,-91.14,945.20
GV05,-0.80,-91.12,911.70
GV06,-0.83,-91.13,969.60
GV07,-0.84,-91.13,1027.70
GV08,-0.84,-91.13,904.80
GV09,-0.84,-91.15,1037.30
GV10,-0.85,-91.15,1046.10
GV11,-0.95,-90.96,11.00
GZ20,-84.25,-165.60,52.80
HAAG,-77.04,-78.29,1172.60
HALK,41.06,28.79,157.60
HATI,10.29,-85.71,58.74
HCES,36.33,-89.17,77.93
HCMN,34.75,-116.43,568.76
HCRO,40.82,-121.47,1000.11
HDIL,40.56,-89.29,199.92
HEL2,66.40,-38.22,424.97
HERH,12.61,-86.83,739.50
HETA,27.41,85.05,415.00
HIVI,34.76,-117.80,930.88
HJOR,63.42,-41.15,762.70
HLNE,-35.00,-71.74,50.92
HMBG,73.68,-28.13,1322.91
HNPS,33.71,-115.64,393.95
HOG2,-77.53,166.93,2107.00
HOGS,35.87,-120.48,762.88
HOWE,-87.42,-149.43,2584.70
HOWN,-77.53,-86.77,1478.50
HPIG,43.71,-113.10,2640.71
HRDG,81.88,-44.52,718.41
HSMN,29.80,-95.47,2.90
HTON,-74.08,-61.73,950.50
HUA2,10.02,-85.35,594.26
HUGO,-64.96,-65.67,20.00
HUNT,35.88,-120.40,449.35
HURR,37.06,-113.57,924.00
HVWY,44.61,-110.54,2406.85
HVYS,34.44,-119.19,373.95
HWFG,43.93,-113.10,1716.25
HWUT,41.61,-111.57,1714.95
I40A,34.73,-115.91,765.32
IAGX,29.03,-113.17,152.44
IBEX,35.85,-116.37,700.40
ICIG,44.33,-112.94,2502.44
ICPS,24.40,92.04,20.00
IFR1,33.51,-5.13,1710.00
IID2,32.71,-115.03,9.77
IMPS,34.16,-115.15,563.24
IND1,9.86,-85.50,75.25
INMN,-74.82,-98.88,678.00
ISCO,5.54,-87.06,10.36
ISGN,34.93,-4.55,1640.00
ISLK,35.66,-118.47,823.38
JCFI,12.68,-86.83,44.13
JFWS,42.91,-90.25,293.61
JGBL,82.21,-31.00,753.26
JIR2,27.66,86.19,3061.00
JME2,18.24,-72.54,-8.41
JMEL,18.23,-72.54,6.70
JMLA,29.28,82.19,2411.20
JNSN,-73.08,-66.10,1374.00
JURI,24.50,92.14,-30.00
JWLF,83.11,-45.12,112.88
KAGA,69.22,-49.81,150.00
KAGZ,79.13,-65.85,86.63
KALW,23.20,94.30,64.49
KBRC,34.40,-119.01,370.50
KBUG,65.14,-41.16,290.72
KCHI,24.93,67.11,8.90
KEPA,-54.30,-36.51,346.00
KGPS,24.19,91.62,-27.40
KHLR,-76.15,-120.73,1862.00
KIOS,12.49,-86.70,489.38
KKN4,27.80,85.28,1896.00
KLAY,23.19,94.06,62.64
KMJP,83.64,-33.38,85.14
KMOR,81.25,-63.53,203.34
KROT,39.08,17.13,24.00
KSNB,66.86,-35.58,1720.98
KSU1,39.10,-96.61,325.59
KTBW,47.55,-122.80,491.57
KUAQ,68.59,-33.05,865.12
KUGE,27.62,85.54,1511.00
KULL,74.58,-57.23,94.07
KULU,65.58,-37.15,67.56
KVTX,27.55,-97.89,-2.60
LA02,-84.64,-150.10,114.62
LA09,-84.25,-153.64,89.82
LACR,40.85,-115.70,1653.79
LAFE,9.81,-84.96,65.33
LAGO,-47.21,-73.26,436.00
LAND,35.90,-120.47,568.57
LAPC,34.18,-118.57,207.82
LBEG,-77.71,162.45,13.70
LBIB,75.89,-23.85,1483.49
LBWG,-77.72,162.30,13.30
LCEC,0.02,-79.37,238.00
LCHS,36.38,-89.47,63.18
LCSB,19.67,-80.08,-8.16
LDES,34.27,-116.43,978.10
LDSW,34.70,-116.21,640.97
LEFN,80.46,-26.29,692.10
LEHG,-77.51,167.14,3346.19
LEME,12.43,-86.91,78.24
LEPA,9.95,-85.03,20.99
LEWI,40.40,-116.86,2916.71
LFLG,-77.61,163.15,-34.50
LFRL,-77.61,163.12,-30.40
LFRS,34.10,-118.41,146.92
LGC1,30.04,-94.07,-12.80
LGNE,18.51,-72.63,2.46
LGWD,33.64,-117.76,88.71
LHOE,-77.62,162.90,29.04
LHRG,-77.63,162.91,22.70
LIA1,48.26,-94.69,337.19
LIA2,48.26,-94.69,337.20
LIEC,0.79,-78.36,1227.90
LKCP,47.94,-121.83,178.29
LKWY,44.57,-110.40,2424.48
LMEC,-0.95,-79.28,173.00
LMJG,28.17,84.57,2027.00
LMNL,10.27,-85.05,102.97
LMRG,-78.10,163.85,108.60
LMUT,40.26,-111.93,2312.00
LNMT,35.09,-116.94,1345.32
LNTK,-74.84,-73.90,1191.00
LORS,34.13,-117.75,448.90
LOWS,35.83,-120.59,428.67
LPLY,-73.11,-90.30,156.10
LTHW,-76.46,-107.78,1013.00
LTUT,41.59,-112.25,1564.95
LVEG,19.22,-70.53,78.60
LYNS,64.43,-40.20,174.07
MACC,37.85,-90.48,220.01
MACZ,-77.53,167.25,3279.00
MAIR,36.85,-89.36,67.40
MAJK,-81.66,-21.87,1452.00
MANA,12.15,-86.25,71.05
MARG,77.19,-65.69,670.66
MASW,35.83,-120.44,713.75
MAT2,33.86,-117.44,398.32
MAUA,-19.90,23.53,942.00
MAWY,44.97,-110.69,1824.28
MCAR,-76.32,-144.30,965.00
MCG2,-77.53,167.25,3290.60
MCMD,-77.84,166.67,97.96
MCRG,-73.67,-94.65,1334.80
MCTY,36.12,-89.70,51.70
MDMT,42.42,-121.22,1710.53
MDWD,29.77,-95.60,2.14
MECE,7.11,-73.71,109.07
MEPD,29.66,-95.24,-12.70
MFLE,39.95,-105.19,1729.40
MGW1,29.62,-89.95,1.47
MGW2,29.62,-89.95,1.81
MGW3,29.62,-89.95,1.80
MIDA,35.92,-120.46,570.71
MIG1,34.04,-120.35,130.93
MIK2,68.14,-31.45,815.85
MIN0,-78.65,167.16,677.90
MINE,40.15,-116.10,2075.64
MIPR,17.89,-66.53,-38.11
MKLU,27.81,84.84,414.10
MLFP,33.92,-117.32,472.98
MNMC,35.97,-120.43,1061.95
MOIL,40.71,-115.41,2160.46
MOM0,12.41,-86.54,392.12
MOMI,12.55,-86.49,72.47
MOUT,41.05,-111.67,1609.80
MPUT,40.02,-111.63,1829.16
MPWD,34.30,-118.88,190.25
MRC1,38.50,-77.37,28.05
MRTP,-74.18,-115.10,64.00
MSVG,72.24,-23.91,88.18
MTAK,-76.32,-112.80,1328.80
MTJN,-79.63,-91.28,2161.80
MUSB,37.17,-119.31,2042.54
NAIU,41.02,-112.23,1455.81
NAS0,25.05,-77.46,-21.24
NAU2,-77.52,167.15,3568.70
NAYX,32.32,-115.30,-23.83
NCEG,34.00,71.49,326.00
NDAP,34.77,-114.62,241.39
NEAH,48.30,-124.62,459.92
NEWS,39.69,-117.51,1770.29
NHRG,34.50,-119.14,1648.76
NMKM,36.45,-89.40,59.93
NNVN,61.63,-44.90,2134.61
NOMI,36.42,25.43,315.93
NOMT,45.60,-111.63,1578.05
NPGJ,28.12,81.60,87.80
NRSK,79.16,-17.73,348.01
NRWY,44.71,-110.68,2342.71
NVLX,32.39,-115.18,13.40
NWBL,16.82,-62.20,146.71
NWCC,36.42,-89.46,64.83
NWOT,40.06,-105.59,3522.73
OAES,34.14,-116.07,604.80
OCSD,33.24,-117.35,42.91
ODRE,26.87,87.39,2021.00
OFW2,44.45,-110.83,2280.52
OK01,36.39,-96.98,275.54
OK02,36.49,-96.96,267.85
OK03,36.33,-96.86,258.62
OK04,36.40,-96.91,264.60
OK05,36.43,-96.89,277.58
OK06,36.46,-96.86,252.28
OK07,36.45,-96.76,237.93
OK08,36.37,-96.94,248.26
OLO1,-2.73,35.95,988.05
OLO3,-2.75,35.87,1483.01
OLO5,-2.63,35.89,658.98
OLO6,-2.71,35.91,908.29
OLO7,-2.80,35.91,1449.14
OLO8,-2.78,35.95,1237.09
OLVN,16.75,-62.23,40.92
OPBL,34.37,-115.92,1226.55
OPCL,34.43,-116.31,1312.93
OPCP,34.37,-116.08,1096.66
OPCX,34.43,-116.15,1133.85
OPRD,34.53,-116.29,1400.27
ORE2,37.46,-121.75,600.00
ORE3,37.46,-121.75,661.00
OREO,37.46,-121.75,637.50
ORES,34.74,-120.28,143.67
ORMT,34.67,-116.82,1893.35
OVLS,34.33,-119.14,69.22
OXPE,15.89,-97.08,75.80
OXTH,16.29,-95.24,41.26
OXUM,15.66,-96.50,82.26
OZST,34.68,-119.35,1059.21
P001,31.95,-112.80,474.72
P002,39.52,-117.19,1741.71
P003,32.72,-114.00,50.98
P004,34.78,-112.15,1791.79
P005,39.91,-115.28,2015.67
P006,36.15,-114.46,365.24
P007,41.72,-114.82,1686.58
P008,36.14,-111.13,1522.06
P009,38.48,-112.22,1761.53
P010,34.67,-113.73,1399.07
P011,36.15,-109.52,1728.52
P012,38.10,-109.33,1788.51
P013,41.43,-117.33,1433.43
P014,31.97,-111.10,1067.98
P015,34.26,-110.01,1930.22
P016,40.08,-112.36,1730.53
P017,41.28,-119.94,2390.64
P018,42.98,-117.06,1424.25
P019,43.30,-115.31,1682.37
P020,47.00,-118.57,480.12
P021,48.67,-118.73,1163.18
P022,45.23,-118.01,888.13
P023,44.90,-116.10,1521.60
P024,47.56,-115.84,1907.63
P025,48.73,-116.29,695.47
P026,32.66,-107.19,1236.89
P027,32.80,-105.80,2896.75
P028,36.03,-107.91,1933.13
P029,38.44,-107.64,2455.41
P030,41.75,-110.51,2149.79
P031,39.52,-107.91,1657.60
P032,41.74,-107.26,2167.31
P033,43.95,-107.39,1375.89
P034,34.95,-106.46,1810.93
P035,34.60,-105.18,1780.38
P036,36.42,-105.29,2529.91
P037,38.42,-105.10,1616.89
P038,34.15,-103.41,1212.99
P039,36.45,-103.15,1493.62
P040,38.07,-102.69,1102.66
P041,39.95,-105.19,1728.85
P042,42.05,-104.91,1422.44
P043,43.88,-104.19,1490.94
P044,40.17,-103.22,1411.04
P045,45.38,-112.62,1618.21
P046,47.03,-113.33,1290.30
P047,48.42,-113.22,1475.57
P048,45.65,-111.20,1491.98
P049,47.35,-110.91,1186.06
P050,48.81,-111.25,1266.89
P051,45.81,-108.55,1081.09
P052,47.37,-107.02,858.62
P053,48.73,-107.73,814.98
P054,45.85,-104.44,1093.11
P055,47.12,-104.69,667.74
P056,36.03,-119.06,101.14
P057,41.76,-112.62,1382.23
P058,40.88,-124.08,21.43
P059,38.93,-123.73,-11.28
P060,41.00,-122.41,430.82
P062,43.11,-121.09,1350.28
P063,44.92,-120.95,965.40
P064,47.97,-123.49,1570.76
P065,46.84,-120.93,1017.14
P066,32.62,-116.17,822.88
P067,35.55,-121.00,107.01
P068,39.31,-117.98,1455.93
P069,39.29,-117.60,1886.41
P070,36.04,-104.70,1883.55
P071,39.35,-117.40,2085.37
P072,39.52,-116.74,2061.20
P073,39.50,-116.42,1942.61
P074,39.55,-116.05,1947.69
P075,39.37,-115.89,1881.62
P076,39.54,-115.51,2006.05
P077,39.39,-115.43,2334.21
P078,40.43,-117.88,1444.84
P079,39.26,-114.69,2746.37
P080,39.12,-114.28,1972.90
P081,39.07,-113.87,1588.15
P082,39.27,-113.51,1381.00
P083,40.32,-117.47,1642.70
P084,40.49,-113.05,1432.81
P085,40.50,-116.74,1661.21
P087,40.36,-116.28,2358.40
P088,40.77,-111.72,1920.46
P090,39.57,-119.80,1503.67
P091,36.61,-117.53,1966.87
P092,36.80,-117.41,2157.09
P093,36.61,-117.99,1339.08
P094,37.20,-117.70,1729.24
P095,39.70,-119.54,1608.81
P096,39.80,-119.31,1243.30
P097,39.84,-118.87,1210.39
P098,39.89,-118.68,1286.58
P099,39.21,-118.16,2455.68
P100,41.86,-113.29,1883.49
P101,41.69,-111.24,2016.13
P102,39.92,-115.56,2718.10
P103,39.35,-113.04,1491.40
P104,39.19,-112.72,1397.58
P105,39.39,-112.50,1431.48
P106,39.46,-112.26,1559.54
P107,35.13,-107.88,1991.67
P108,39.59,-111.94,1683.27
P109,39.60,-111.65,1760.97
P110,39.72,-111.57,2266.22
P111,41.82,-113.01,1366.23
P112,39.82,-111.45,1930.39
P113,40.67,-113.28,1317.64
P114,40.63,-112.53,1352.37
P115,40.47,-112.43,1641.99
P116,40.43,-112.01,2034.74
P117,40.44,-111.75,1628.97
P118,40.64,-111.35,2082.60
P119,40.73,-111.26,2045.40
P120,35.01,-105.63,2089.68
P121,41.80,-112.70,1452.45
P122,41.64,-112.33,1293.20
P123,36.64,-105.91,2411.20
P124,41.56,-111.96,1772.96
P125,41.59,-111.90,1521.40
P126,41.58,-111.78,1871.73
P127,39.50,-119.60,1523.93
P128,39.49,-119.07,1320.01
P129,39.13,-118.45,1714.13
P130,39.27,-118.94,1380.08
P131,39.45,-118.35,1825.07
P132,38.73,-118.00,1549.70
P133,38.72,-118.46,1781.83
P134,38.98,-118.93,1886.00
P135,38.70,-119.02,1692.15
P136,38.76,-119.46,1773.27
P137,40.78,-119.48,1331.79
P138,40.24,-119.01,1243.72
P139,39.91,-119.72,1523.00
P140,38.83,-120.69,1079.23
P141,39.05,-120.39,2170.37
P142,39.12,-119.81,1784.93
P143,38.76,-119.76,1733.59
P144,39.47,-120.89,1436.87
P145,41.36,-119.62,1755.20
P146,39.34,-120.54,2347.29
P147,39.94,-120.28,2488.91
P148,40.42,-120.81,1584.55
P149,39.60,-120.10,2634.69
P150,39.29,-120.03,2619.08
P151,40.29,-120.08,1313.06
P154,41.81,-123.36,319.90
P155,41.27,-123.19,1784.09
P156,40.02,-123.91,489.01
P157,40.25,-124.31,695.83
P158,40.42,-124.11,873.73
P159,40.50,-124.28,608.22
P160,40.55,-124.13,94.24
P161,40.64,-124.21,32.44
P162,40.69,-124.24,-6.46
P163,40.22,-124.06,425.29
P164,40.12,-123.69,1148.32
P165,40.25,-123.85,545.66
P166,40.44,-123.86,665.30
P167,40.54,-123.88,1021.17
P168,40.67,-123.88,1093.49
P169,40.79,-123.97,689.40
P170,40.88,-123.86,918.17
P171,36.49,-121.79,572.76
P172,36.23,-121.77,312.63
P173,35.95,-121.29,339.25
P174,36.30,-121.05,342.14
P175,36.43,-121.13,451.40
P176,37.47,-122.36,433.82
P177,37.53,-122.50,71.80
P178,37.53,-122.33,129.06
P179,42.10,-123.69,402.22
P180,36.29,-121.40,693.20
P181,37.91,-122.38,72.22
P182,38.50,-123.18,396.80
P183,38.31,-123.07,10.41
P184,39.12,-123.71,108.96
P185,39.26,-123.75,146.36
P186,39.15,-123.52,372.82
P187,39.35,-123.60,164.05
P188,38.67,-123.23,208.88
P189,38.99,-123.35,176.96
P190,39.24,-123.20,202.82
P191,42.28,-123.63,371.41
P192,39.32,-123.11,259.72
P193,38.12,-122.91,66.60
P194,38.19,-122.82,235.13
P195,38.66,-122.96,146.85
P196,38.30,-122.74,90.54
P197,38.43,-122.77,0.03
P198,38.26,-122.61,-4.62
P199,38.26,-122.50,55.66
P200,38.24,-122.45,-25.09
P201,38.56,-122.66,349.36
P202,38.42,-122.50,584.09
P203,38.87,-122.92,926.71
P204,38.67,-122.71,276.66
P205,39.40,-122.96,771.09
P206,38.78,-122.58,283.61
P207,39.26,-122.72,1826.60
P208,39.11,-122.30,74.31
P209,37.07,-122.13,577.16
P210,36.82,-121.73,3.05
P211,36.88,-121.70,60.56
P212,36.96,-121.86,36.60
P213,37.20,-121.99,167.11
P214,37.00,-121.80,73.29
P215,37.05,-121.76,708.62
P216,37.00,-121.73,336.93
P217,37.10,-121.65,72.31
P218,37.20,-121.71,82.71
P219,37.34,-122.28,300.90
P220,37.33,-122.21,705.27
P221,37.34,-122.10,155.32
P222,37.54,-122.08,53.52
P223,37.72,-122.10,139.96
P224,37.86,-122.22,407.36
P225,37.71,-122.06,117.16
P226,37.34,-121.83,5.09
P227,37.53,-121.79,707.45
P228,37.60,-121.69,399.03
P229,37.75,-121.98,289.34
P230,37.82,-121.79,648.01
P231,36.62,-121.91,-26.33
P232,36.72,-121.58,105.36
P233,36.80,-121.42,196.84
P234,36.86,-121.59,92.60
P235,36.81,-121.54,361.70
P236,36.90,-121.55,56.17
P237,36.64,-121.39,711.58
P238,36.85,-121.45,44.92
P239,36.96,-121.55,18.53
P240,37.01,-121.54,25.76
P241,37.21,-121.57,834.24
P242,36.95,-121.46,14.76
P243,36.92,-121.34,220.78
P244,37.01,-121.35,58.73
P245,37.71,-119.71,1579.85
P247,36.56,-121.19,569.10
P248,37.98,-121.87,229.83
P249,36.61,-121.06,1155.76
P250,36.95,-121.27,584.71
P251,36.81,-121.35,128.26
P252,37.17,-121.06,40.17
P253,37.48,-121.65,1065.08
P254,37.49,-121.47,1076.20
P255,37.58,-121.32,73.53
P256,37.93,-121.60,-30.69
P257,37.76,-121.46,-24.68
P258,37.39,-121.28,390.82
P259,37.43,-121.10,3.85
P261,38.15,-122.22,118.16
P262,38.03,-122.10,-8.55
P263,38.58,-122.43,554.40
P264,38.44,-122.20,231.05
P265,38.53,-121.95,8.04
P266,38.18,-121.84,22.46
P267,38.38,-121.82,-17.50
P268,38.47,-121.65,-23.95
P269,39.00,-122.35,298.24
P270,39.24,-122.06,-12.32
P271,38.66,-121.71,-18.34
P272,39.15,-121.94,-12.07
P273,38.12,-121.39,-26.47
P274,38.28,-121.46,-27.81
P275,38.32,-121.21,-5.26
P276,38.65,-121.10,207.28
P277,37.19,-122.37,115.31
P278,35.71,-121.06,465.91
P279,35.79,-121.06,469.94
P280,35.54,-120.35,476.45
P281,35.84,-120.39,383.84
P282,35.84,-120.35,394.71
P283,35.81,-120.29,434.22
P284,35.93,-120.91,512.23
P285,36.42,-120.98,805.77
P286,36.52,-120.85,538.84
P287,36.02,-120.70,609.77
P288,36.14,-120.88,397.73
P289,36.11,-120.75,540.68
P290,36.18,-120.73,987.78
P291,35.92,-120.64,661.38
P292,36.01,-120.48,1018.64
P293,36.09,-120.54,538.88
P294,36.12,-120.44,509.43
P295,35.70,-120.84,583.51
P296,36.05,-120.36,265.35
P297,35.97,-120.55,629.32
P298,36.02,-120.29,323.27
P299,36.26,-120.71,809.41
P300,36.30,-120.28,137.31
P301,36.81,-120.74,89.24
P302,36.63,-120.62,122.65
P303,37.05,-120.71,-2.15
P304,36.74,-120.36,16.99
P305,37.35,-120.20,96.07
P306,37.80,-120.64,82.53
P307,36.95,-120.06,49.05
P308,37.90,-119.84,1501.88
P309,38.09,-120.95,41.42
P310,38.74,-120.33,1791.33
P311,37.18,-118.52,3698.67
P312,39.53,-123.70,254.90
P313,39.55,-123.56,651.76
P314,39.69,-123.58,1251.94
P315,39.86,-123.72,257.95
P316,41.56,-124.09,234.97
P317,39.91,-123.55,1118.66
P318,39.45,-123.37,594.95
P319,39.71,-123.30,513.06
P320,39.49,-123.19,392.44
P321,39.90,-123.39,1133.67
P322,39.96,-123.18,1433.94
P324,40.26,-123.66,509.37
P325,41.15,-123.88,914.59
P326,40.58,-123.70,1261.71
P327,40.48,-123.57,710.08
P329,40.08,-123.45,1034.63
P330,40.32,-123.14,1653.02
P331,40.73,-123.32,1541.99
P332,40.55,-123.17,684.50
P333,39.62,-122.98,2008.85
P334,39.49,-122.74,1936.25
P335,39.73,-122.87,2229.50
P336,39.53,-122.43,286.73
P337,40.30,-122.87,1193.34
P338,40.75,-122.92,672.22
P339,40.03,-122.67,979.58
P340,39.41,-123.05,864.72
P341,40.65,-122.61,406.85
P343,40.89,-123.33,1617.48
P344,39.93,-122.03,49.76
P345,40.27,-122.27,134.07
P346,39.79,-120.87,2037.36
P347,41.18,-120.95,1268.82
P348,40.91,-121.83,1668.07
P349,40.73,-122.32,275.40
P350,43.53,-114.86,2388.36
P351,43.87,-114.72,2692.61
P352,43.85,-114.10,2474.68
P353,44.05,-113.98,2041.02
P354,44.11,-113.98,2000.30
P355,44.22,-113.72,2329.23
P356,43.82,-110.49,2227.73
P357,44.23,-113.58,2295.36
P358,44.40,-113.24,2419.39
P359,43.48,-111.53,2116.46
P360,44.32,-111.45,1857.85
P361,44.56,-111.44,2930.94
P362,42.21,-124.23,1012.41
P364,43.09,-124.41,6.47
P365,43.40,-124.25,27.11
P366,43.61,-123.98,529.11
P367,44.59,-124.06,22.93
P368,42.50,-123.38,319.46
P369,43.14,-123.43,190.05
P370,42.19,-122.66,555.06
P371,43.36,-123.06,1198.07
P372,45.43,-117.25,1208.32
P373,43.62,-123.33,169.93
P374,44.38,-123.59,73.23
P375,44.69,-123.43,99.23
P376,44.94,-123.10,180.88
P377,44.05,-122.89,142.41
P378,44.53,-122.93,83.14
P380,42.26,-121.78,1390.83
P381,43.00,-119.95,1567.47
P382,43.18,-121.77,1453.24
P383,44.34,-122.22,1295.59
P384,44.84,-122.48,1182.58
P385,44.43,-121.95,1120.82
P386,44.40,-118.97,1103.51
P387,44.30,-121.57,962.62
P388,42.47,-120.38,1405.76
P389,43.81,-120.60,1397.45
P390,43.03,-118.93,1554.86
P391,42.25,-118.41,1834.25
P392,43.45,-119.00,1315.53
P393,43.23,-117.89,1238.32
P394,44.83,-117.80,1010.71
P395,45.02,-123.86,53.05
P396,45.31,-123.82,54.58
P397,46.42,-123.80,566.32
P398,46.93,-123.92,23.52
P399,47.43,-123.61,919.45
P400,47.51,-123.81,65.03
P401,47.94,-124.56,36.23
P402,47.77,-124.31,23.75
P403,48.06,-124.14,284.71
P404,45.16,-123.39,79.05
P405,45.63,-123.64,955.67
P406,45.19,-123.15,27.29
P407,45.95,-123.93,-13.08
P408,46.20,-123.38,35.29
P409,45.85,-123.24,177.30
P410,46.11,-123.08,173.13
P411,45.54,-123.16,83.41
P412,45.22,-122.59,53.22
P413,48.43,-120.15,501.27
P414,45.83,-122.69,63.85
P415,46.66,-123.73,-15.39
P416,47.04,-121.60,1576.52
P417,46.57,-123.30,102.47
P418,47.24,-123.41,115.16
P419,47.41,-123.37,935.98
P420,46.59,-122.87,74.11
P421,46.53,-122.43,220.58
P422,46.80,-116.98,843.73
P423,47.29,-122.94,39.97
P424,47.82,-122.87,-1.56
P425,46.45,-122.85,64.27
P426,47.80,-122.51,3.33
P427,45.43,-122.34,149.21
P429,45.68,-121.88,25.56
P431,46.57,-121.99,1422.71
P432,46.62,-121.68,318.89
P433,44.53,-119.87,1158.69
P434,47.74,-121.08,1698.03
P435,48.06,-123.50,287.34
P436,48.05,-123.13,190.91
P437,48.00,-122.46,12.47
P438,48.42,-122.67,-9.90
P439,48.71,-122.91,-13.86
P440,48.86,-122.49,6.37
P441,48.92,-122.14,115.21
P442,48.26,-121.62,146.90
P443,48.51,-121.29,1062.12
P444,48.73,-121.07,493.89
P445,45.59,-120.67,436.08
P446,46.12,-122.89,-16.45
P447,45.45,-119.69,471.24
P448,45.91,-120.01,261.44
P449,46.26,-119.63,208.44
P450,45.95,-119.54,163.68
P451,46.79,-119.04,351.44
P452,47.40,-119.49,323.07
P453,47.76,-118.75,644.23
P454,47.95,-118.99,478.96
P455,44.49,-112.73,2593.94
P456,44.86,-111.23,2956.33
P457,45.04,-111.27,2261.94
P458,44.77,-111.30,2393.92
P459,43.75,-110.75,2135.67
P460,45.14,-111.03,2197.83
P461,45.35,-110.76,1544.09
P462,36.07,-116.63,1334.41
P463,36.02,-117.16,1327.02
P464,36.16,-117.41,911.55
P465,36.47,-118.13,2901.56
P466,36.53,-117.79,2754.60
P467,36.57,-118.09,1380.14
P468,36.98,-118.12,2853.33
P469,37.23,-117.94,1794.85
P470,34.46,-117.39,991.40
P471,33.56,-117.54,174.77
P472,32.89,-117.10,137.85
P473,32.73,-116.95,188.56
P474,33.36,-117.25,182.92
P475,32.67,-117.24,-25.04
P476,33.44,-117.19,309.76
P477,33.50,-117.11,334.47
P478,33.24,-117.07,371.58
P479,33.49,-116.78,1093.84
P480,32.98,-116.35,436.04
P481,32.82,-116.01,610.91
P482,33.24,-116.67,878.72
P483,33.06,-116.57,1375.56
P484,33.38,-116.62,1382.49
P485,33.21,-116.41,372.16
P486,33.26,-116.32,126.27
P487,33.21,-116.18,90.25
P488,33.20,-116.08,61.74
P489,33.30,-116.11,290.33
P490,33.52,-116.43,2622.45
P491,33.57,-116.23,4.27
P492,32.89,-115.97,68.85
P493,32.95,-115.82,197.51
P494,32.76,-115.73,-44.27
P495,33.04,-115.63,-84.04
P496,32.75,-115.60,-40.06
P497,32.83,-115.58,-50.99
P498,32.90,-115.57,-58.03
P499,32.98,-115.49,-74.20
P500,32.69,-115.30,-20.59
P501,32.88,-115.40,-55.69
P502,32.98,-115.42,-66.05
P503,32.95,-115.72,6.14
P504,33.52,-115.77,84.02
P505,33.42,-115.69,-57.78
P506,33.08,-115.51,-83.42
P507,33.20,-115.61,-78.54
P508,33.25,-115.43,10.71
P509,32.89,-115.29,-29.63
P510,33.14,-115.34,1.53
P511,33.89,-115.30,273.35
P512,37.56,-119.69,1344.73
P513,34.91,-120.65,284.59
P514,35.01,-120.41,140.93
P515,34.87,-120.24,290.64
P516,35.11,-120.38,263.00
P517,34.38,-118.18,1959.19
P518,35.02,-120.08,1101.81
P519,34.51,-119.79,810.92
P520,34.63,-119.62,1250.84
P521,34.89,-119.82,1709.09
P522,35.09,-119.54,991.11
P523,35.30,-120.86,41.39
P525,35.43,-120.81,271.39
P526,35.64,-120.87,416.85
P527,35.75,-120.60,347.94
P528,35.33,-120.55,367.38
P529,35.44,-120.35,437.35
P530,35.62,-120.48,388.38
P531,35.79,-120.54,440.14
P532,35.63,-120.27,533.27
P533,35.75,-120.37,603.21
P534,37.06,-122.24,204.27
P535,35.24,-120.10,571.58
P536,35.28,-120.03,665.39
P537,35.32,-119.94,581.84
P538,35.53,-120.11,641.21
P539,35.70,-120.18,601.12
P540,35.80,-120.13,393.69
P541,35.69,-120.00,209.22
P542,35.69,-120.29,587.98
P543,35.32,-119.71,544.06
P544,35.73,-119.74,33.60
P545,35.50,-119.54,50.68
P546,35.93,-120.15,635.28
P547,35.93,-119.91,45.89
P548,34.47,-119.50,1134.86
P549,34.60,-119.33,1250.30
P550,34.66,-119.11,1526.15
P551,34.86,-119.15,1550.33
P552,35.69,-120.24,581.69
P553,34.84,-118.88,1335.87
P554,34.79,-118.85,1170.16
P555,34.69,-118.67,1096.00
P556,34.77,-118.55,852.63
P557,34.94,-118.66,1818.23
P558,35.14,-118.61,1411.47
P560,34.82,-118.54,838.30
P561,34.62,-118.40,974.42
P563,35.42,-119.42,56.57
P564,35.62,-119.35,60.67
P565,35.74,-119.24,62.78
P566,36.32,-119.23,78.06
P567,35.42,-118.75,706.35
P568,35.25,-118.13,1301.24
P569,35.38,-118.12,1275.74
P570,35.67,-118.26,810.89
P571,36.23,-118.77,914.22
P572,36.59,-118.95,1167.34
P573,36.09,-118.26,2441.39
P574,34.29,-117.63,2873.79
P575,34.22,-117.54,1928.42
P576,35.67,-120.97,324.43
P577,34.30,-117.32,999.57
P578,35.69,-120.24,536.30
P579,35.04,-118.01,834.23
P580,35.62,-117.19,1669.64
P581,34.51,-117.73,972.81
P582,34.63,-117.55,848.04
P583,34.99,-117.54,730.77
P584,33.89,-116.95,738.76
P585,34.02,-116.55,958.16
P586,34.53,-117.28,809.41
P587,34.33,-118.03,1600.78
P588,34.79,-117.27,709.79
P589,34.62,-117.11,1148.07
P590,35.12,-117.36,678.53
P591,35.15,-118.02,708.84
P592,35.24,-117.30,1049.34
P593,35.39,-117.21,1375.78
P594,35.90,-117.39,937.43
P595,35.70,-117.40,644.48
P596,36.00,-116.89,430.49
P597,35.71,-116.89,1194.17
P598,34.19,-116.71,2746.49
P599,34.22,-116.54,1323.91
P600,33.87,-116.21,792.09
P601,33.96,-116.08,1242.65
P602,35.73,-120.23,648.25
P603,34.72,-116.03,624.72
P604,34.94,-116.67,588.45
P605,34.34,-117.94,2419.74
P606,34.46,-116.88,863.37
P607,33.74,-115.82,958.73
P608,33.99,-115.69,632.32
P609,34.06,-116.89,2721.24
P610,34.43,-115.76,343.85
P611,35.20,-115.65,1333.04
P612,34.19,-117.32,531.73
P613,34.20,-117.05,2355.17
P614,34.73,-115.25,491.00
P615,35.20,-116.76,995.16
P616,35.42,-117.89,1071.21
P617,35.32,-116.57,887.70
P618,35.14,-116.10,263.39
P619,35.53,-116.12,388.95
P620,35.79,-116.14,668.73
P621,35.47,-115.54,1420.52
P622,35.16,-115.37,1524.48
P623,34.19,-114.60,267.76
P625,34.84,-114.97,606.79
P626,35.29,-115.24,1442.78
P627,37.97,-118.38,2342.16
P628,37.93,-119.25,2924.45
P629,37.38,-119.18,2725.69
P630,37.61,-119.00,2740.63
P631,37.61,-118.92,2659.86
P632,37.79,-119.09,2389.83
P633,37.91,-119.03,2293.04
P634,37.70,-119.03,2467.47
P635,37.84,-119.14,2484.22
P636,37.96,-119.15,2739.08
P637,37.91,-119.08,2031.69
P638,37.73,-118.94,2491.95
P639,37.65,-118.87,2339.36
P640,37.89,-118.96,2200.95
P641,37.88,-118.85,2527.21
P642,37.59,-118.82,2667.41
P643,37.56,-118.70,2122.02
P644,37.50,-118.68,3458.65
P645,37.54,-118.59,2007.73
P646,37.68,-118.82,2102.06
P647,37.75,-118.77,2235.57
P648,37.80,-119.02,2572.42
P649,37.90,-118.74,2153.98
P650,37.89,-118.55,2298.21
P651,37.56,-118.39,1316.73
P652,37.59,-118.24,3865.31
P653,37.74,-118.47,1826.32
P654,38.06,-119.15,2053.49
P655,41.29,-122.21,1542.53
P656,41.34,-122.20,2398.75
P657,41.38,-122.29,1684.45
P658,41.48,-122.19,1915.19
P659,41.45,-122.09,1791.10
P660,41.41,-122.07,1587.21
P661,41.46,-122.31,1324.19
P663,41.53,-122.15,2238.02
P664,40.47,-121.50,2569.05
P665,40.46,-121.53,2326.73
P666,40.47,-121.51,2471.47
P667,40.47,-121.47,2333.98
P668,40.51,-121.46,1982.45
P669,40.49,-121.60,1842.93
P670,40.54,-121.58,1731.73
P671,40.41,-121.43,1958.79
P672,41.71,-121.51,1435.09
P673,41.59,-121.61,2017.84
P674,41.62,-121.49,1897.20
P675,42.21,-112.72,1559.13
P676,44.65,-111.34,2189.81
P677,42.88,-113.87,1284.82
P678,43.45,-112.80,1535.35
P679,44.04,-113.31,1936.42
P680,44.60,-111.10,2315.94
P681,44.40,-112.64,1976.07
P682,42.50,-110.91,2324.00
P683,42.83,-111.73,2065.71
P684,43.92,-111.45,1693.93
P685,44.07,-111.83,1606.83
P686,44.25,-111.16,2165.31
P687,46.11,-122.35,391.10
P688,46.03,-122.16,1165.75
P689,46.19,-122.36,1359.45
P690,46.18,-122.19,2078.90
P691,46.23,-122.23,1182.90
P692,46.22,-122.18,1491.86
P693,46.21,-122.20,2112.97
P694,46.30,-122.18,1725.68
P695,46.20,-122.16,2015.66
P696,46.20,-122.15,1600.00
P697,46.19,-122.18,2214.58
P698,46.17,-122.16,1479.37
P700,46.18,-122.22,1521.67
P701,46.19,-122.13,1247.43
P702,46.30,-122.35,1305.71
P703,46.15,-122.20,988.40
P705,46.17,-122.31,1150.86
P706,45.04,-112.52,1810.73
P707,44.72,-111.84,2292.83
P709,44.39,-110.29,2379.73
P710,44.10,-110.73,2172.52
P711,44.64,-110.86,2118.73
P712,44.96,-111.07,2161.52
P714,44.90,-110.74,2250.49
P715,43.50,-109.69,2988.25
P716,44.72,-110.51,2386.65
P717,44.49,-109.90,2270.24
P718,44.75,-109.38,2577.13
P719,45.22,-111.79,1706.35
P720,44.94,-110.31,1923.95
P721,45.00,-110.00,2236.32
P722,45.46,-109.57,1452.79
P723,37.38,-118.72,3197.83
P724,37.44,-118.56,1371.65
P725,37.09,-119.75,330.97
P726,37.28,-118.15,2202.15
P727,37.27,-118.47,2677.23
P728,39.18,-106.97,3426.13
P729,34.26,-119.10,36.05
P730,41.36,-120.83,1822.49
P731,41.33,-120.47,1391.30
P732,43.39,-123.89,582.11
P733,42.44,-124.41,184.59
P734,42.08,-124.29,113.36
P735,42.69,-123.23,1577.70
P736,42.58,-121.88,1259.57
P737,42.73,-122.61,1245.77
P738,42.55,-119.66,1706.78
P739,42.02,-117.73,1351.90
P740,33.60,-116.60,1372.10
P741,33.56,-116.53,1371.29
P742,33.50,-116.60,1142.67
P744,32.83,-115.51,-52.72
P775,40.48,-86.99,182.45
P776,43.54,-71.38,476.95
P777,35.70,-92.55,335.38
P779,35.20,-82.87,878.75
P780,18.08,-66.58,154.10
P783,40.81,-111.41,1819.79
P784,41.83,-122.42,802.26
P786,41.85,-123.98,84.00
P787,36.80,-121.58,113.66
P788,36.74,-121.48,626.65
P789,35.95,-120.47,503.40
P790,35.93,-120.52,553.74
P791,45.34,-121.67,1985.19
P792,46.24,-122.14,1257.16
P793,40.48,-123.57,709.88
P794,39.85,-122.96,2088.63
P795,34.51,-116.15,1095.34
P796,32.50,-114.76,10.18
P797,33.54,-116.59,1403.81
P798,43.80,-110.96,2450.58
P799,33.93,-118.31,24.85
P800,34.02,-118.35,-2.28
P801,44.39,-110.54,2368.67
P802,46.56,-100.62,572.37
P803,46.33,-90.68,414.25
P804,32.96,-84.23,216.39
P805,32.96,-84.23,215.76
P806,32.96,-84.23,215.89
P807,30.49,-98.82,419.03
P808,34.84,-118.62,914.36
P809,35.74,-119.24,62.64
P810,35.74,-119.24,62.44
P811,35.15,-118.02,708.73
P812,35.15,-118.02,708.38
P813,47.76,-118.75,644.06
P814,47.76,-118.75,644.41
P815,47.94,-124.56,36.24
P816,47.94,-124.56,35.77
P817,40.15,-78.51,384.05
P818,45.46,-109.57,1452.49
P819,45.46,-109.57,1453.13
P820,42.86,-124.05,68.84
P821,43.14,-123.43,252.27
PABH,47.21,-124.20,12.92
PAL2,-64.78,-64.05,30.90
PALX,31.56,-116.06,1545.49
PB1Y,32.65,-115.69,0.50
PB2Y,32.61,-115.89,267.94
PBHR,35.71,-121.27,152.24
PBPP,34.51,-117.92,901.96
PCOL,47.17,-122.57,79.15
PDBG,34.21,-106.83,1503.76
PEA1,36.19,-120.76,789.69
PEA2,36.18,-120.77,682.47
PECE,-85.61,-68.56,1494.10
PECL,-37.69,-73.65,103.40
PENA,19.39,-104.10,1491.02
PHIG,-77.53,167.05,3127.00
PHJX,32.49,-115.55,105.45
PHNX,-77.95,166.76,-39.60
PIGT,36.37,-90.18,55.25
PIRT,-81.10,-85.14,1261.10
PJZX,32.42,-115.88,1335.75
PKMN,36.40,25.38,132.55
PKRD,34.07,-118.23,130.89
PLCX,31.26,-116.16,183.00
PLPK,66.90,-34.03,122.35
PLPX,31.59,-115.15,813.51
PLTX,31.82,-115.43,236.53
PMKZ,61.28,-141.92,39.00
PNE2,10.20,-85.83,19.69
POLS,12.65,-86.81,133.28
POMM,35.92,-120.48,597.16
POPT,16.33,-89.41,521.66
PPBF,33.84,-117.18,428.11
PPEC,-0.50,-79.35,246.00
PRCG,17.93,-76.85,-12.53
PRML,17.94,-76.84,-9.61
PRMO,4.80,-75.45,4567.38
PRPT,-66.01,-65.34,15.00
PRX5,39.95,-105.19,1728.85
PSTX,31.31,-115.84,902.14
PTAX,32.38,-115.46,1060.39
PTEX,32.29,-116.52,340.59
PTGV,36.41,-89.70,58.04
PTPA,8.94,-82.14,288.60
PTPP,8.20,-82.88,137.00
PTSG,41.78,-124.26,-10.17
PUIN,3.85,-67.90,96.05
PUJE,10.11,-85.27,29.20
PUMO,10.06,-84.97,17.99
PUPU,47.50,-122.01,542.41
PVRS,33.77,-118.32,59.84
QAAR,70.74,-52.69,53.08
QCY2,36.16,-121.14,101.46
QSEC,9.84,-85.36,17.80
QTIT,30.16,66.99,1683.00
QUEN,12.59,-86.85,449.58
QUEX,32.55,-115.15,-16.23
RAMT,35.34,-117.68,1406.61
RCA2,34.50,-119.72,1179.23
RCHY,16.70,-62.15,313.14
RCSC,33.44,-117.59,160.99
RDAZ,18.45,-70.72,33.43
RDBA,18.28,-70.33,30.19
RDBO,18.95,-70.40,137.59
RDCM,-30.95,-69.08,3178.20
RDCT,29.81,-95.49,6.00
RDF2,19.45,-70.68,183.90
RDHI,18.60,-68.72,61.18
RDLP,-31.93,-69.71,1986.30
RDLT,19.31,-69.55,-13.80
RDMA,19.54,-71.08,65.73
RDMC,19.85,-71.64,-18.86
RDMS,18.98,-69.04,-16.82
RDMT,34.64,-116.62,1783.02
RDNE,18.50,-71.42,91.40
RDON,16.93,-62.35,106.60
RDSD,18.46,-69.91,-9.17
RDSF,19.29,-70.25,76.58
RDSJ,18.82,-71.23,405.15
REC1,-82.81,18.91,2553.20
REC2,-81.71,8.58,2446.00
REDM,44.26,-121.15,919.82
REGI,39.45,16.16,389.00
REPO,36.84,-116.47,1479.47
RG01,34.67,-108.04,2157.55
RG03,33.65,-105.15,1572.62
RG05,32.55,-108.36,1802.32
RG06,32.63,-107.86,1633.22
RG07,32.50,-106.84,1400.70
RG08,32.73,-104.99,1488.66
RG09,36.30,-107.06,2186.82
RG10,36.45,-106.54,2218.01
RG11,36.52,-105.78,2211.24
RG12,36.46,-104.97,2139.45
RG13,36.49,-104.21,2039.56
RG14,39.96,-107.97,2034.53
RG16,39.88,-106.35,2597.69
RG17,39.76,-105.67,2703.89
RG18,39.07,-106.40,2815.45
RG19,39.19,-105.55,2703.74
RG20,37.89,-107.70,3741.45
RG21,37.77,-107.11,2763.91
RG22,37.79,-106.34,2507.18
RG23,37.74,-105.50,2621.24
RG24,37.96,-104.97,2211.93
RG25,33.99,-108.23,2308.53
RG26,39.91,-106.79,2055.58
RHCL,34.02,-118.03,176.89
RIBA,36.46,25.34,46.26
RINK,71.85,-50.99,1337.91
RIOP,-1.65,-78.65,2816.08
RLAP,36.47,-89.35,58.38
RMBO,-83.87,-66.39,784.70
RMJT,27.31,86.55,1332.00
RMVJ,33.49,-117.56,136.40
RN86,41.86,-111.50,2590.80
RNCH,35.90,-120.52,838.83
RNDY,27.60,-82.76,-16.56
ROA0,16.32,-86.53,10.04
ROB4,-77.03,163.19,-41.53
ROBN,-65.25,-59.44,57.90
RSTP,34.88,-118.19,712.73
RSVY,34.54,-119.18,987.43
RUBY,40.62,-115.12,1881.76
S300,37.67,-121.56,495.76
SA06,43.76,-71.69,166.37
SA56,45.95,-66.64,24.38
SA58,45.42,-73.94,24.52
SABD,40.00,48.48,-9.81
SAJU,10.07,-85.71,73.83
SALN,12.62,-86.86,535.00
SAN0,12.58,-81.72,10.13
SBCC,33.55,-117.66,88.68
SC00,46.95,-120.72,1178.40
SC01,34.07,-106.97,2097.41
SC02,48.55,-123.01,-15.02
SC03,47.82,-123.71,2018.51
SCBY,80.26,-59.59,544.41
SCIA,34.61,-117.39,831.46
SCTB,-77.85,166.76,-18.93
SCW2,12.70,-87.02,873.31
SDEC,-0.22,-79.26,429.00
SDHL,34.26,-116.28,835.08
SDLY,-77.14,-125.97,2099.19
SEAT,47.65,-122.31,44.22
SEDR,48.52,-122.22,29.85
SELD,59.45,-151.71,20.50
SENU,61.07,-47.14,667.03
SFDM,34.46,-118.75,291.53
SG27,71.32,-156.61,9.37
SG33,31.77,-106.51,1210.52
SGP1,-65.56,-61.72,241.00
SGP3,-65.94,-63.59,1662.60
SGP4,-66.69,-62.46,258.45
SGP5,-67.28,-64.89,273.17
SHIN,40.59,-120.23,1377.34
SHLD,41.87,-119.02,1457.56
SHOS,35.97,-116.30,582.41
SHR1,34.34,-106.75,1577.00
SIBA,27.73,68.82,26.56
SIM4,27.17,84.99,140.00
SIV1,40.88,28.97,3.00
SKYB,34.44,-118.48,520.26
SLAC,37.42,-122.20,63.67
SLBL,27.62,85.75,1686.40
SLID,39.31,-119.88,2902.54
SLMS,33.29,-115.98,-45.91
SLTR,-75.10,-113.88,513.50
SMEL,39.43,-112.84,1422.16
SMM1,72.58,-38.46,3258.61
SMM2,72.58,-38.46,3254.91
SMM3,72.57,-38.47,3265.87
SNDL,27.38,85.80,2006.00
SNT1,22.25,89.81,0.00
SOG1,-54.87,-36.04,85.40
SOG2,-54.00,-38.05,205.70
SOG3,-54.49,-37.04,52.70
SOLD,-36.70,-73.14,108.20
SOMT,34.32,-119.06,464.25
SONG,33.38,-117.56,-2.92
SPBH,29.80,-95.52,5.75
SPED,18.46,-69.31,-22.11
SPGT,-64.29,-61.05,15.00
SPIC,39.31,-112.13,1670.43
SPMS,33.99,-117.85,207.04
SPOL,40.12,-104.89,1531.34
SPW2,32.87,-117.26,-21.26
SRMP,72.91,-54.39,370.53
SROD,19.48,-71.34,98.80
SRS1,34.00,-120.07,68.23
SSIA,13.70,-89.12,626.68
SSPS,24.28,91.90,-13.46
STEM,61.55,-149.33,42.76
STEW,-84.19,-86.25,1582.50
STLE,36.09,-89.86,50.36
STSV,39.15,16.92,348.00
STVI,18.34,-64.97,-21.45
SVGB,13.27,-61.25,241.11
SYBC,27.81,86.71,3794.00
TANZ,-6.77,39.21,70.60
TAXI,14.03,-90.47,47.27
TBLP,35.92,-120.36,937.54
TDAM,29.31,-94.82,-2.86
TECF,12.60,-86.84,862.78
TECO,18.98,-103.86,213.26
TEDM,23.35,93.65,1733.38
TEG2,14.09,-87.21,951.34
TELN,12.61,-86.83,891.60
TEPE,41.06,28.51,124.00
TGDR,18.21,-71.09,-27.18
TGMX,20.87,-86.87,-4.63
TGPM,9.35,-82.26,12.40
THCP,35.16,-118.41,1652.41
THKG,23.20,94.61,270.59
THKK,23.00,95.15,161.00
THMS,33.55,-117.77,189.23
THRO,-79.13,-28.32,1070.00
THUR,-72.53,-97.56,212.00
TIMM,62.54,-42.29,313.31
TJRN,34.48,-120.13,157.18
TLK2,68.63,-149.60,727.86
TNAL,19.12,-98.66,3987.29
TNAM,20.54,-103.97,1222.83
TNAT,18.13,-98.04,1301.03
TNBA,28.97,-113.55,-30.06
TNCC,18.79,-103.17,1074.29
TNCM,19.50,-105.04,83.12
TNCN,18.55,-101.97,331.71
TNCT,19.68,-105.26,-8.64
TNCU,28.45,-106.79,2106.98
TNCY,16.06,-97.76,27.06
TNGF,19.33,-99.18,2273.97
TNHM,29.08,-110.97,174.29
TNIF,18.27,-101.90,282.24
TNLC,19.51,-104.55,267.89
TNMO,19.65,-101.23,1965.85
TNMQ,16.71,-98.61,407.27
TNMR,18.29,-103.35,41.31
TNMS,20.53,-104.80,1221.91
TNMT,19.59,-104.27,1933.66
TNMZ,19.12,-104.40,-5.77
TNNP,16.12,-97.14,492.78
TNNX,17.41,-97.22,2123.12
TNPJ,15.70,-93.22,63.34
TNPP,31.34,-113.63,27.66
TNSJ,16.17,-96.49,2741.80
TNTB,25.61,-109.05,69.12
TNTM,19.24,-104.79,12.77
TOCA,-30.66,-69.44,2619.10
TOIY,39.54,-117.05,2299.07
TOMO,-75.80,-114.66,1170.00
TONO,38.10,-117.18,2066.03
TOOL,68.63,-149.60,739.96
TOST,34.25,-118.84,274.37
TPW2,46.21,-123.77,-14.95
TREO,64.28,-41.38,121.95
TRND,41.05,-124.15,78.17
TRNT,16.76,-62.16,-23.32
TRVE,-69.99,-67.55,1064.30
TSFT,29.81,-95.48,-1.64
TSFX,30.93,-114.81,-7.08
TSWY,43.67,-110.60,2190.73
TTSF,10.28,-61.47,-3.12
TTUW,10.64,-61.40,-7.47
TUNG,40.40,-118.26,1414.77
TVRN,39.43,16.23,197.00
TWHL,47.02,-122.92,107.30
TYLG,-77.73,162.27,86.60
UAGU,21.92,-102.31,1859.16
UCOE,19.81,-101.69,1975.27
UGEO,20.69,-103.35,1534.62
UH01,29.72,-95.35,13.50
UHEP,29.72,-95.33,-4.50
UHSL,29.57,-95.65,17.10
UNPM,20.87,-86.87,-0.43
UNR1,36.25,-115.24,686.46
UPSA,39.63,-118.80,1233.28
UPVK,72.79,-56.13,166.00
USGC,33.03,-116.09,133.45
USLO,35.31,-120.66,134.64
USMX,29.82,-109.68,625.49
UTHW,-77.58,-109.04,1303.49
UTMG,62.93,-43.31,1471.15
UTON,19.03,-98.32,2157.37
UXAL,19.52,-96.92,1362.99
VCVL,38.39,-121.95,0.37
VDCY,34.18,-118.22,318.19
VDPR,10.44,-73.25,142.54
VERA,10.85,-84.87,64.35
VFDG,70.30,-29.82,1293.54
VIMT,34.13,-118.51,553.71
VL01,-72.45,169.73,596.87
VL12,-72.27,163.73,1984.00
VL30,-70.60,162.53,1498.80
VLCN,8.79,-82.64,1442.57
VLDR,-30.17,-69.48,2888.20
VMAG,9.29,-74.85,61.14
VNCO,34.28,-119.24,25.64
VNCX,34.29,-118.48,328.61
VNDP,34.56,-120.62,-11.51
VOIL,18.53,-72.31,240.60
VORA,7.82,-76.72,23.54
VPOL,10.79,-74.86,89.24
VRAI,9.92,-83.19,438.37
VTOR,33.23,-117.19,379.93
WAAK,61.57,-149.55,111.55
WAI2,-79.47,-112.05,1769.34
WCHT,29.78,-95.58,7.54
WDVW,29.79,-95.53,0.10
WEPD,29.69,-95.23,8.50
WGPP,35.01,-118.98,352.00
WHTM,-82.68,-104.39,2350.00
WIKR,63.55,-150.92,1188.76
WILN,-80.04,-80.56,668.70
WIN2,37.65,-122.14,-27.63
WINT,37.65,-122.14,-28.78
WKPK,34.57,-118.74,1208.93
WLCH,-70.73,-63.82,1534.17
WLCT,-85.37,-87.39,1849.60
WLLY,-77.87,166.92,-35.20
WLLZ,-77.87,166.92,-32.16
WLRD,-80.54,-96.64,2316.90
WLWY,44.64,-110.29,2643.09
WMOK,34.74,-98.78,467.41
WOMT,34.67,-116.93,1353.04
WTHG,73.96,-24.31,1109.89
WWAY,-81.58,-28.40,1195.39
YBRA,45.12,-109.27,2072.52
YESX,28.38,-108.92,1506.49
YMER,77.43,-24.33,1070.07
YUMX,32.03,-115.20,-30.20